"Article_Heading","Article_Data","Article_selection1","Article_selection1_url"
"6 –≤–µ—â–µ–π, –∫–æ—Ç–æ—Ä—ã–µ –∑–∞–ø—Ä–µ—â–µ–Ω—ã –≤ –ï–≤—Ä–æ–ø–µ, –∞ –º—ã –¥–µ–ª–∞–µ–º –∏ —Ä–∞–¥—É–µ–º—Å—è","2 –¥–Ω—è –Ω–∞–∑–∞–¥","–ï—Å—Ç–µ—Å—Ç–≤–µ–Ω–Ω–æ, –¥–∞–∂–µ —É —Å–∞–º—ã—Ö –Ω–µ–æ–∂–∏–¥–∞–Ω–Ω—ã—Ö –∑–∞–ø—Ä–µ—Ç–æ–≤ –µ—Å—Ç—å —Å–≤–æ–∏ –æ–±–æ—Å–Ω–æ–≤–∞–Ω–∏—è, –∫–æ—Ç–æ—Ä—ã–µ –∞–≤—Ç–æ—Ä–∞–º –∑–∞–ø—Ä–µ—Ç–æ–≤ –∫–∞–∂—É—Ç—Å—è –æ—á–µ–Ω—å –ª–æ–≥–∏—á–Ω—ã–º–∏. –ö–∞–∫ –≥–æ–≤–æ—Ä–∏—Ç—Å—è, —Ö–æ—Ç–µ–ª–∏ –∫–∞–∫ –ª—É—á—à–µ, –∞ –ø–æ–ª—É—á–∏–ª–æ—Å—å –∫–∞–∫ –ø–æ–ª—É—á–∏–ª–æ—Å—å.",""
"–¶–µ–Ω–∞ iPhone 15 Pro Max –≤ –†–æ—Å—Å–∏–∏ —É–ø–∞–ª–∞ –Ω–∏–∂–µ –Ω–µ–∫—É–¥–∞. –û–Ω —Å—Ç–æ–∏—Ç —Å—É–ø–µ—Ä-–≤—ã–≥–æ–¥–Ω–æ –¥–∞–∂–µ —Å –ø–æ—à–ª–∏–Ω–æ–π","–í—á–µ—Ä–∞","—Å–Ω–æ–≤–∞ –ø–æ–¥–µ—à–µ–≤–µ–ª–∞.","https://dzen.ru/away?to=https%3A%2F%2Fappleinsider.ru%2Fiphone%2Fkak-izmenilis-ceny-na-iphone-v-rossii-posle-vvedeniya-importnoj-poshliny.html"
"–ó–∞—á–µ–º ¬´–∞–≤—Ç–æ–º–∞—Ç—É¬ª –Ω—É–∂–µ–Ω —Ä–µ–∂–∏–º N –∏ –∫–æ–≥–¥–∞ –µ–≥–æ –Ω–µ–ª—å–∑—è –∏—Å–ø–æ–ª—å–∑–æ–≤–∞—Ç—å","10 –º–∞—è",". –ü–æ—ç—Ç–æ–º—É –ø—Ä–∞–≤–∏–ª—å–Ω–µ–µ –≥–æ–≤–æ—Ä–∏—Ç—å –æ –º–∞—à–∏–Ω–∞—Ö —Å –∞–≤—Ç–æ–º–∞—Ç–∏–∑–∏—Ä–æ–≤–∞–Ω–Ω—ã–º–∏ —Ç—Ä–∞–Ω—Å–º–∏—Å—Å–∏—è–º–∏, –∫–æ–≥–¥–∞ –≤ –ø–æ–ª—É —Å–º–æ–Ω—Ç–∏—Ä–æ–≤–∞–Ω–æ –Ω–µ —Ç—Ä–∏, –∞ –¥–≤–µ –ø–µ–¥–∞–ª–∏. –í–æ –≤—Å–µ—Ö —Å–ª—É—á–∞—è—Ö –Ω–∞ –ø–ª–æ—â–∞–¥–∫–µ —Å–µ–ª–µ–∫—Ç–æ—Ä–∞ –ø—Ä–µ–¥—Å—Ç–∞–≤–ª–µ–Ω —Ä–µ–∂–∏–º N (Neutral). –ö–∞–∫ –ø—Ä–∞–≤–∏–ª–æ, —ç—Ç–æ –æ–±–æ–∑–Ω–∞—á–µ–Ω–∏–µ ¬´–≤–ø–∏—Å–∞–Ω–æ¬ª –º–µ–∂–¥—É –ø–æ–ª–æ–∂–µ–Ω–∏—è–º–∏ D (Drive) –∏ R (Reverse).","https://dzen.ru/away?to=https%3A%2F%2Fauto.mail.ru%2Farticle%2F86796-problemyi-s-dsg-kak-pravilno-ezdit-na-robote%2F"
"–ú–æ–∫—Ä–æ–µ –ø–ª–∞—Ç—å–µ, –ø–µ—Å–æ–∫ –∏ –≤–∏–Ω–æ–≥—Ä–∞–¥: 10 –ª—É—á—à–∏—Ö –Ω–∞—Ä—è–¥–æ–≤ Met Gala 2024","7 –º–∞—è","–¢–µ–º–∞ Met Gala 2024 ‚Äî ¬´–°–∞–¥ –≤—Ä–µ–º–µ–Ω–∏¬ª. –û–Ω–∞ –≤–¥–æ—Ö–Ω–æ–≤–ª–µ–Ω–∞ —Ä–∞—Å—Å–∫–∞–∑–æ–º –î–∂. –ì. –ë–∞–ª–ª–∞—Ä–¥–∞ 1962 –≥–æ–¥–∞ –æ –≥—Ä–∞—Ñ–µ, –∫–æ—Ç–æ—Ä—ã–π, —á—Ç–æ–±—ã —Å–ø–∞—Å—Ç–∏—Å—å –æ—Ç —Ä–∞–∑—ä—è—Ä–µ–Ω–Ω–æ–π —Ç–æ–ª–ø—ã, –ø—Ä–∏–±–ª–∏–∂–∞—é—â–µ–π—Å—è –∫ –µ–≥–æ –∑–∞–º–∫—É, —Å—Ä–µ–∑–∞–ª –≤ —Å–≤–æ–µ–º —Å–∞–¥—É —Ä–æ–∑—É, —á—Ç–æ–±—ã –∑–∞–º–µ–¥–ª–∏—Ç—å –≤—Ä–µ–º—è. –û–Ω —Å—Ä–µ–∑–∞–ª —Ü–≤–µ—Ç—ã –¥–æ —Ç–µ—Ö –ø–æ—Ä, –ø–æ–∫–∞ –Ω–µ –æ—Å—Ç–∞–ª–æ—Å—å –Ω–∏ –æ–¥–Ω–æ–≥–æ. –£—á–∏—Ç—ã–≤–∞—è –∞–∫—Ü–µ–Ω—Ç –≤—ã—Å—Ç–∞–≤–∫–∏, –º–Ω–æ–≥–∏–µ –æ–∂–∏–¥–∞–ª–∏, —á—Ç–æ –∫—Ä–∞—Å–Ω–∞—è –¥–æ—Ä–æ–∂–∫–∞ –±—É–¥–µ—Ç –Ω–∞–ø–æ–ª–Ω–µ–Ω–∞ —Ü–≤–µ—Ç–∞–º–∏, –°–ø—è—â–∏–º–∏ –ö—Ä–∞—Å–∞–≤–∏—Ü–∞–º–∏ –∏ —Ç–µ—Ö–Ω–æ–ª–æ–≥–∏—á–Ω—ã–º–∏ –Ω–∞—Ä—è–¥–∞–º–∏.",""
"–ö–∞–∫ –ø—Ä–æ—Ö–æ–¥—è—Ç –ø–æ—Ö–æ—Ä–æ–Ω—ã —É —Ü—ã–≥–∞–Ω","4 –º–∞—è","–¶—ã–≥–∞–Ω–µ ‚Äì –æ–¥–∏–Ω –∏–∑ —Å–∞–º—ã—Ö –º–Ω–æ–≥–æ—á–∏—Å–ª–µ–Ω–Ω—ã—Ö –Ω–∞—Ä–æ–¥–æ–≤ –±–µ–∑ —Å–æ–±—Å—Ç–≤–µ–Ω–Ω–æ–π —Å—Ç—Ä–∞–Ω—ã.",""
"–ö–∞–∫ –∂–∏–≤—É—Ç –≤ –∫–æ–º–º—É–Ω–∞–ª–∫–µ –≤ —Ü–µ–Ω—Ç—Ä–µ –ü–µ—Ç–µ—Ä–±—É—Ä–≥–∞ (–≥–¥–µ –∫–æ–º–Ω–∞—Ç–∞ —Å—Ç–æ–∏—Ç 4 –º–∏–ª–ª–∏–æ–Ω–∞)","14 —Ñ–µ–≤—Ä–∞–ª—è","–ö–æ–≥–¥–∞ —è –ø–µ—Ä–µ–µ—Ö–∞–ª –≤ –†–æ—Å—Å–∏—é, —è –±—ã—Å—Ç—Ä–æ —É–∑–Ω–∞–ª, —á—Ç–æ —Ç–∞–∫–æ–µ ‚Äú–∫–æ–º–º—É–Ω–∞–ª—å–Ω–∞—è –∫–≤–∞—Ä—Ç–∏—Ä–∞‚Äù. –ú—ã —Å –∂–µ–Ω–æ–π –∫–∞–∫–æ–µ-—Ç–æ –≤—Ä–µ–º—è –∂–∏–ª–∏ –≤ —Ç–∞–∫–æ–π –∫–≤–∞—Ä—Ç–∏—Ä–µ –≤ –ú–æ—Å–∫–≤–µ. –≠—Ç–∞ –±—ã–ª–∞ –∫–≤–∞—Ä—Ç–∏—Ä–∞ –≤ —Å—Ç–∞–ª–∏–Ω–∫–µ –Ω–µ–¥–∞–ª–µ–∫–æ –æ—Ç —Ü–µ–Ω—Ç—Ä–∞. –†–µ–º–æ–Ω—Ç –ø–æ—Ä–∞ –±—ã–ª–æ –¥–µ–ª–∞—Ç—å, –Ω–æ —Å–∞–º–∞ –∫–≤–∞—Ä—Ç–∏—Ä–∞ –º–Ω–µ –æ—á–µ–Ω—å –ø–æ–Ω—Ä–∞–≤–∏–ª–∞—Å—å. –í—ã—Å–æ–∫–∏–µ –ø–æ—Ç–æ–ª–∫–∏ –∏ –¥–µ—Ä–µ–≤—è–Ω–Ω—ã–µ –ø–æ–ª—ã, –∫–æ—Ç–æ—Ä—ã–µ, –º–Ω–µ –∫–∞–∂–µ—Ç—Å—è, –ª–µ–∂–∞–ª–∏ —Ç–∞–º —Å –≤—Ä–µ–º—ë–Ω –°—Ç–∞–ª–∏–Ω–∞.",""
"–ù–∞ —Å–ø—É—Ç–Ω–∏–∫–æ–≤–æ–π –∫–∞—Ä—Ç–µ –ü—Ä–∏–ø–æ–ª—è—Ä–Ω–æ–≥–æ –£—Ä–∞–ª–∞ –∏—Å—Å–ª–µ–¥–æ–≤–∞—Ç–µ–ª–∏ –æ–±–Ω–∞—Ä—É–∂–∏–ª–∏ –≥–æ—Ä—É —Å –ø–∏—Ä–∞–º–∏–¥–∞–ª—å–Ω–æ–π —Ñ–æ—Ä–º–æ–π","10 –º–∞—è","—Ñ–æ—Ä–º–∞ –≥–æ—Ä—ã –Ω–∞ –£—Ä–∞–ª–µ —Å –ï–≥–∏–ø–µ—Ç—Å–∫–∏–º–∏ –ø–∏—Ä–∞–º–∏–¥–∞–º–∏ —Ä–∞—Å–ø–æ–ª–æ–∂–µ–Ω–Ω—ã–º–∏ –Ω–∞ –ø–ª–∞—Ç–æ –ì–∏–∑—ã:",""
"–ö–∞–∫–æ–µ –æ–∑–µ—Ä–æ —Å–∞–º–æ–µ –±–æ–ª—å—à–æ–µ –≤ –º–∏—Ä–µ? 10 –∫—Ä—É–ø–Ω–µ–π—à–∏—Ö –≤–æ–¥–æ—ë–º–æ–≤","20 –º–∞—Ä—Ç–∞","–í —ç—Ç–æ–π —Å—Ç–∞—Ç—å–µ –≤—ã —É–∑–Ω–∞–µ—Ç–µ: –ø–ª–æ—â–∞–¥—å —Å–∞–º–æ–≥–æ –±–æ–ª—å—à–æ–≥–æ –æ–∑–µ—Ä–∞ –ó–µ–º–ª–∏, –≥–¥–µ —Ä–∞—Å–ø–æ–ª–æ–∂–µ–Ω–æ —Å–∞–º–æ–µ —Å—Ç–∞—Ä–æ–µ –∏–∑ –≤—Å–µ—Ö, –∞ –≥–ª–∞–≤–Ω–æ–µ ‚Äî –≥–¥–µ –Ω–∞—Ö–æ–¥—è—Ç—Å—è 10 –∫—Ä—É–ø–Ω–µ–π—à–∏—Ö –æ–∑—ë—Ä –º–∏—Ä–∞.",""
"–ü–æ–π–º–∞–π –º–µ–Ω—è, –µ—Å–ª–∏ —Å–º–æ–∂–µ—à—å. –ö–∞–∫ –∑–≤–µ—Ä–∏ —Å–±–µ–≥–∞—é—Ç –∏–∑ –∑–æ–æ–ø–∞—Ä–∫–æ–≤","8 –º–∞—è","–ü–æ—á–µ–º—É-—Ç–æ –∏–º–µ–Ω–Ω–æ –ø–∏–Ω–≥–≤–∏–Ω—ã —Å–±–µ–≥–∞—é—Ç –∏–∑ –∑–æ–æ–ø–∞—Ä–∫–æ–≤ —á–∞—â–µ –≤—Å–µ–≥–æ. –ú–æ–∂–µ—Ç –±—ã—Ç—å, –ø–æ—Ç–æ–º—É —á—Ç–æ –æ—Ç –Ω–µ—É–∫–ª—é–∂–∏—Ö —Å –≤–∏–¥—É –ø—Ç–∏—Ü –Ω–∏–∫—Ç–æ –Ω–µ –æ–∂–∏–¥–∞–µ—Ç —Ç–∞–∫–æ–π —Å–æ–æ–±—Ä–∞–∑–∏—Ç–µ–ª—å–Ω–æ—Å—Ç–∏ –∏ —Ç—è–≥–∏ –∫ —Å–≤–æ–±–æ–¥–µ. –¢–∞–∫, –≤ 60-–µ –≥–æ–¥—ã –∏–∑ –ú–æ—Å–∫–æ–≤—Å–∫–æ–≥–æ –∑–æ–æ–ø–∞—Ä–∫–∞ —Å–±–µ–∂–∞–ª –Ω–µ –æ–¥–∏–Ω, –∞ —Ü–µ–ª–∞—è –≤–∞—Ç–∞–≥–∞ –ø–∏–Ω–≥–≤–∏–Ω–æ–≤. –ò—Ö –ø–æ–¥–∞—Ä–∏–ª–∏ –≥–æ—Ä–æ–¥—É –∫–∏—Ç–æ–±–æ–∏, –∏ –¥–ª—è –ø—Ç–∏—Ü —Å–º–æ—Ç—Ä–∏—Ç–µ–ª–∏ –Ω–µ —É—Å–ø–µ–ª–∏ –ø–æ–¥–≥–æ—Ç–æ–≤–∏—Ç—å –ø—Ä–æ—á–Ω—ã–π –≤–æ–ª—å–µ—Ä –ø–æ –≤—Å–µ–º –ø—Ä–∞–≤–∏–ª–∞–º. –ü–∏–Ω–≥–≤–∏–Ω—ã –≤–æ—Å–ø–æ–ª—å–∑–æ–≤–∞–ª–∏—Å—å —ç—Ç–∏–º –∏ –Ω–æ—á—å—é —Å–±–µ–∂–∞–ª–∏ —Ç–æ–ª–ø–æ–π –Ω–µ —Ç–æ–ª—å–∫–æ –∏–∑ —Å–≤–æ–µ–≥–æ –∂–∏–ª–∏—â–∞, –Ω–æ –∏ –∏–∑ –∑–æ–æ–ø–∞—Ä–∫–∞. –î–µ–ª–æ –±—ã–ª–æ –≤ –ø—Ä–µ–¥—Ä–∞—Å—Å–≤–µ—Ç–Ω—ã–π —á–∞—Å, –ø–æ—ç—Ç–æ–º—É –∂–∏–≤–æ—Ç–Ω—ã—Ö –Ω–∏–∫—Ç–æ –Ω–µ –æ—Å—Ç–∞–Ω–æ–≤–∏–ª, –∫–æ–≥–¥–∞ –æ–Ω–∏ –≤—Ä–∞–∑–≤–∞–ª–∫—É (–∞ –ø–æ-–¥—Ä—É–≥–æ–º—É –ø–∏–Ω–≥–≤–∏–Ω—ã –Ω–µ —É–º–µ—é—Ç) —à–µ—Å—Ç–≤–æ–≤–∞–ª–∏ –ø–æ —É–ª–∏—Ü–∞–º, –Ω–∞–≤–µ—Ä–Ω–æ–µ, –≤ —Å—Ç–æ—Ä–æ–Ω—É –ê–Ω—Ç–∞—Ä–∫—Ç–∏–¥—ã. –ó–∞–¥–µ—Ä–∂–∞–ª–∏ –∏—Ö –Ω–∞ —Å—Ç—É–ø–µ–Ω—å–∫–∞—Ö –ö—Ä–∞—Å–Ω–æ–ø—Ä–µ—Å–Ω–µ–Ω—Å–∫–æ–≥–æ —É–Ω–∏–≤–µ—Ä–º–∞–≥–∞ ‚Äî –∞ —ç—Ç–æ –¥–≤–∞ –∫–∏–ª–æ–º–µ—Ç—Ä–∞ –æ—Ç –∑–æ–æ–ø–∞—Ä–∫–∞.",""
"–°–∫–æ–ª—å–∫–æ —Å—Ç–æ–∏—Ç –Ω–µ–≤–µ—Å—Ç–∞ –Ω–∞ –ö–∞–≤–∫–∞–∑–µ?","18 –∞–ø—Ä–µ–ª—è","–ù–µ –≤—Å–µ–≥–¥–∞ –º—É–∂—á–∏–Ω–∞ –º–æ–≥ —Å–µ–±–µ –ø–æ–∑–≤–æ–ª–∏—Ç—å —Å—Ä–∞–∑—É –≤–∑—è—Ç—å –≤ –∂—ë–Ω—ã –¥–µ–≤—É—à–∫—É, –∫ –∫–æ—Ç–æ—Ä–æ–π –æ–Ω –∏—Å–ø—ã—Ç—ã–≤–∞–ª —á—É–≤—Å—Ç–≤–∞, –≤ —Å–∏–ª—É —Å–≤–æ–µ–≥–æ —ç–∫–æ–Ω–æ–º–∏—á–µ—Å–∫–æ–≥–æ –ø–æ–ª–æ–∂–µ–Ω–∏—è. –ü—Ä–µ–∂–¥–µ –≤—Å–µ–≥–æ –Ω—É–∂–Ω–æ –±—ã–ª–æ –≤—ã–ø–ª–∞—Ç–∏—Ç—å –∫–∞–ª—ã–º (–≤—ã–∫—É–ø –Ω–µ–≤–µ—Å—Ç—ã –∏–ª–∏ –æ—Å–µ—Ç. ¬´–∏—Ä–∞–µ–¥¬ª) —Ä–æ–¥–∏—Ç–µ–ª—è–º –¥–µ–≤—É—à–∫–∏, —á—Ç–æ–±—ã –≤—Å—Ç—É–ø–∏—Ç—å –≤ —Å—É–ø—Ä—É–∂–µ—Å—Ç–≤–æ. –ü–æ—ç—Ç–æ–º—É –µ–º—É –ø—Ä–∏—Ö–æ–¥–∏–ª–æ—Å—å —É—Å–µ—Ä–¥–Ω–æ —Ä–∞–±–æ—Ç–∞—Ç—å –∏–ª–∏ —É–µ–∑–∂–∞—Ç—å –Ω–∞ –∑–∞—Ä–∞–±–æ—Ç–∫–∏, –≤ —Å–≤—è–∑–∏ —Å —ç—Ç–∏–º –∂–µ–Ω–∏—Ç—å–±–∞ –æ—Ç–∫–ª–∞–¥—ã–≤–∞–ª–∞—Å—å –Ω–∞ –∑–Ω–∞—á–∏—Ç–µ–ª—å–Ω—ã–π —Å—Ä–æ–∫.",""
"–ö–∞–∫ –ø–æ—è–≤–∏–ª—Å—è –æ–±—ã—á–∞–π –∫—Ä–∞—Å–∏—Ç—å —è–π—Ü–∞ –Ω–∞ –ü–∞—Å—Ö—É?","1 –º–∞—è","–ï—â–µ –≤ –î—Ä–µ–≤–Ω–µ–º –ï–≥–∏–ø—Ç–µ —Å—É—â–µ—Å—Ç–≤–æ–≤–∞–ª–∞ —Ç—Ä–∞–¥–∏—Ü–∏—è –æ–±–º–µ–Ω–∏–≤–∞—Ç—å—Å—è –æ–∫—Ä–∞—à–µ–Ω–Ω—ã–º–∏ —è–π—Ü–∞–º–∏ –≤ –¥–Ω–∏ —Ä–∞–∑–ª–∏–≤–∞ –ù–∏–ª–∞. –¢–∞–∫–∂–µ –≤ –∫–∞—á–µ—Å—Ç–≤–µ –¥–∞—Ä–∞ –±–æ–≥–∞–º —è–π—Ü–∞–º–∏ —É–∫—Ä–∞—à–∞–ª–∏ —Å–≤—è—Ç—ã–Ω–∏ –∏ —Ö—Ä–∞–º—ã. –ü–æ—Ö–æ–∂–∏–µ –æ–±—ã—á–∞–∏ –º–æ–∂–Ω–æ –≤—Å—Ç—Ä–µ—Ç–∏—Ç—å —É –≥—Ä–µ–∫–æ–≤, –ø–µ—Ä—Å–æ–≤ –∏ —Ä–∏–º–ª—è–Ω. –¢–æ–≥–¥–∞ –ª—é–¥–∏ –≤–µ—Ä–∏–ª–∏, —á—Ç–æ —è–π—Ü–æ –∏–º–µ–µ—Ç —Å–∞–∫—Ä–∞–ª—å–Ω—ã–π —Å–º—ã—Å–ª, –ø–æ—ç—Ç–æ–º—É –∫ –Ω–µ–º—É –æ—Ç–Ω–æ—Å–∏–ª–∏—Å—å –∫–∞–∫ –∫ —Å–∏–º–≤–æ–ª—É —Ä–æ–∂–¥–µ–Ω–∏—è –Ω–æ–≤–æ–π –∂–∏–∑–Ω–∏ (–≤ –µ–≥–∏–ø–µ—Ç—Å–∫–æ–π –º–∏—Ñ–æ–ª–æ–≥–∏–∏ –ë–µ–Ω–Ω—É (–∞–Ω–∞–ª–æ–≥ —Ñ–µ–Ω–∏–∫—Å–∞), –∫–æ—Ç–æ—Ä–æ–≥–æ —Å—á–∏—Ç–∞–ª–∏ –¥—É—Ö–æ–º –±–æ–≥–∞ –†–∞, —Å–∂–∏–≥–∞–µ—Ç —Å–≤–æ–µ –≥–Ω–µ–∑–¥–æ, —á—Ç–æ–±—ã –≤–æ–∑—Ä–æ–¥–∏—Ç—å—Å—è –∏–∑ —è–π—Ü–∞).",""
"–î–ª—è —á–µ–≥–æ –Ω–µ–∑–Ω–∞–∫–æ–º—Ü—ã –ø—Ä–æ–∑–≤–∞–Ω–∏–≤–∞—é—Ç –Ω–∞—à–∏ –Ω–æ–º–µ—Ä–∞ –∏ —Å–±—Ä–∞—Å—ã–≤–∞—é—Ç","29 —è–Ω–≤–∞—Ä—è","–í–æ–æ–±—â–µ, –Ω–µ–º—ã–µ –∑–≤–æ–Ω–∫–∏ –±—ã–≤–∞—é—Ç –¥–≤—É—Ö —Ç–∏–ø–æ–≤ ‚Äî –∫–æ–≥–¥–∞ –≤—ã –º–æ–∂–µ—Ç–µ –≤–∑—è—Ç—å —Ç—Ä—É–±–∫—É –∏ —Ç–æ–≥–¥–∞, –∫–æ–≥–¥–∞ –Ω–µ —É—Å–ø–µ–≤–∞–µ—Ç–µ –∏ –Ω–∏–∫–æ–≥–¥–∞ –Ω–µ —Å–º–æ–∂–µ—Ç–µ –æ—Ç–≤–µ—Ç–∏—Ç—å –Ω–∞ —Ç–∞–∫–æ–π –∑–≤–æ–Ω–æ–∫. –†–∞–∑–±–µ—Ä–µ–º –æ–±–∞ –≤–∞—Ä–∏–∞–Ω—Ç–∞.",""
"¬´–ò—Å—Ç–æ—Ä–∏—è –ª—é–±–≤–∏¬ª. –û–¥–Ω–∞ –∏–∑ –≤–µ–ª–∏—á–∞–π—à–∏—Ö –ø–µ—Å–µ–Ω XX –≤–µ–∫–∞ –±—ã–ª–∞ –Ω–∞–ø–∏—Å–∞–Ω–∞ —Ñ—Ä–∞–Ω—Ü—É–∑–æ–º –¥–ª—è –∞–º–µ—Ä–∏–∫–∞–Ω—Å–∫–æ–≥–æ —Ñ–∏–ª—å–º–∞ –∏ —Å–ø–µ—Ç–∞ –ú—É—Å–ª–∏–º–æ–º –ú–∞–≥–æ–º–∞–µ–≤—ã–º","30 –º–∞—Ä—Ç–∞",", —Å–Ω—è—Ç–∞—è –ø–æ –æ–¥–Ω–æ–∏–º—ë–Ω–Ω–æ–º—É —Ä–æ–º–∞–Ω—É –ø—Ä–æ—Ñ–µ—Å—Å–æ—Ä–∞ –ô–µ–ª—å—Å–∫–æ–≥–æ —É–Ω–∏–≤–µ—Ä—Å–∏—Ç–µ—Ç–∞ –≠—Ä–∏–∫–∞ –°–∏–≥–∞–ª–∞. –≠–∫—Ä–∞–Ω–Ω—ã–π —Å—é–∂–µ—Ç –æ —Ä–æ–º–∞–Ω—Ç–∏—á–µ—Å–∫–∏—Ö –æ—Ç–Ω–æ—à–µ–Ω–∏—è—Ö –º–æ–ª–æ–¥–æ–≥–æ —á–µ–ª–æ–≤–µ–∫–∞ –∏–∑ –±–æ–≥–∞—Ç–æ–π —Å–µ–º—å–∏ –∏ –¥–µ–≤—É—à–∫–∏ –∏–∑ —Ä–∞–±–æ—á–µ–≥–æ –∫–ª–∞—Å—Å–∞, –∫–æ—Ç–æ—Ä—ã–π –æ–±–æ—Ä–≤–∞–ª–∞—Å—å —Ç—Ä–∞–≥–∏—á–µ—Å–∫–∏, –æ–∂–∏–¥–∞–ª –≥—Ä–∞–Ω–¥–∏–æ–∑–Ω—ã–π —É—Å–ø–µ—Ö.",""
"–ü—Ä–æ—Å—Ç–æ–π, –Ω–æ –Ω–µ–ª–æ–≤–∫–∏–π –≤–æ–ø—Ä–æ—Å: –ö–∞–∫ —Ä–∞–∑–ª–∏—á–∏—Ç—å –∫–∏—Ç–∞–π—Ü–∞, –∫–æ—Ä–µ–π—Ü–∞ –∏ —è–ø–æ–Ω—Ü–∞ –º–µ–∂–¥—É —Å–æ–±–æ–π?","21 —è–Ω–≤–∞—Ä—è","",""
"¬´–Ø —Ä–∞–∑–æ–≥–Ω—É–ª—Å—è –ø–æ—Å–º–æ—Ç—Ä–µ—Ç—å –Ω–µ —Ä–∞–∑–æ–≥–Ω—É–ª–∞—Å—å –ª–∏ –æ–Ω–∞¬ª ‚Äî –°–º–µ—à–Ω—ã–µ –ø–µ—Ä–µ–ø–∏—Å–∫–∏ –ø—Ä–æ –¥–∞—á—É –∏ –æ–≥–æ—Ä–æ–¥","6 –º–∞—è","–ü—Ä–∏—è—Ç–Ω–æ–≥–æ —á—Ç–µ–Ω–∏—è –∏ –æ—Ç–ª–∏—á–Ω–æ–≥–æ –Ω–∞—Å—Ç—Ä–æ–µ–Ω–∏—è!",""
"10 –æ–±—ã—á–Ω—ã—Ö –¥–ª—è –í–µ–Ω–≥—Ä–∏–∏ –≤–µ—â–µ–π, –∫–æ—Ç–æ—Ä—ã–µ –∫–∞–∂—É—Ç—Å—è –Ω–∞–º —Å—Ç—Ä–∞–Ω–Ω—ã–º–∏","22 –∞–ø—Ä–µ–ª—è","–ò —Å–µ–≥–æ–¥–Ω—è —Ä–µ—á—å –ø–æ–π–¥–µ—Ç –æ –í–µ–Ω–≥—Ä–∏–∏, –Ω–µ–±–æ–ª—å—à–æ–π, –Ω–æ –ø—Ä–∏ —ç—Ç–æ–º –≤–µ—Å—å–º–∞ —Å–∞–º–æ–±—ã—Ç–Ω–æ–π –≤–æ—Å—Ç–æ—á–Ω–æ–µ–≤—Ä–æ–ø–µ–π—Å–∫–æ–π —Å—Ç—Ä–∞–Ω–µ, –∫–æ—Ç–æ—Ä–∞—è –∫ —Ç–æ–º—É –∂–µ –≤ –ø–æ—Å–ª–µ–¥–Ω–∏–µ –≥–æ–¥—ã –≤–Ω–µ–∑–∞–ø–Ω–æ —Å—Ç–∞–ª–∞ –Ω–∞—à–∏–º –≥–ª–∞–≤–Ω—ã–º —Å–æ—é–∑–Ω–∏–∫–æ–º –≤–æ –≤—Å–µ–π –ï–≤—Ä–æ–ø–µ. –í–µ–Ω–≥—Ä–∏—è ‚Äì —É–∂–µ 25-—è —Å—Ç—Ä–∞–Ω–∞, –∫–æ—Ç–æ—Ä–æ–π –ø–æ—Å–≤—è—â–µ–Ω–∞ –æ—Ç–¥–µ–ª—å–Ω–∞—è —Å—Ç–∞—Ç—å—è –≤ –¥–∞–Ω–Ω–æ–º –±–ª–æ–≥–µ, –Ω–æ –ø–æ—á–µ–º—É-—Ç–æ –∏–º–µ–Ω–Ω–æ –æ–Ω–∞ –æ–∫–∞–∑–∞–ª–∞—Å—å –Ω–∞–∏–±–æ–ª–µ–µ –Ω–µ–ø—Ä–æ—Å—Ç–æ–π –¥–ª—è –æ–ø–∏—Å–∞–Ω–∏—è –∏ –≤—ã–¥–µ–ª–µ–Ω–∏—è –¥–µ—Å—è—Ç–∏ –Ω–µ–æ–±—ã—á–Ω—ã—Ö –æ—Å–æ–±–µ–Ω–Ω–æ—Å—Ç–µ–π. –ù–µ—Å–º–æ—Ç—Ä—è –Ω–∞ –æ—Ç—Å—É—Ç—Å—Ç–≤–∏–µ –æ–±—â–µ–π —Å –†–æ—Å—Å–∏–µ–π –≥—Ä–∞–Ω–∏—Ü—ã, —Ä–∞–∑–Ω–∏—Ü—É –≤ —ç—Ç–Ω–æ–∫—É–ª—å—Ç—É—Ä–Ω–æ–º, –≥–µ–æ–≥—Ä–∞—Ñ–∏—á–µ—Å–∫–æ–º –∏ –¥—Ä—É–≥–∏—Ö –∞—Å–ø–µ–∫—Ç–∞—Ö, –∏–º–µ–Ω–Ω–æ –í–µ–Ω–≥—Ä–∏—è –æ–∫–∞–∑–∞–ª–∞—Å—å –Ω–∞ —É–¥–∏–≤–ª–µ–Ω–∏–µ –ø–æ—Ö–æ–∂–∞ –Ω–∞ –Ω–∞—à—É —Å—Ç—Ä–∞–Ω—É. –ù–æ, —Ä–∞–∑—É–º–µ–µ—Ç—Å—è, –Ω–µ –æ–±–æ—à–ª–æ—Å—å –∏ –±–µ–∑ –ª—é–±–æ–ø—ã—Ç–Ω—ã—Ö –æ—Å–æ–±–µ–Ω–Ω–æ—Å—Ç–µ–π, –∫–æ—Ç–æ—Ä—ã–º –∏ –±—É–¥–µ—Ç –ø–æ—Å–≤—è—â–µ–Ω–∞ —Å–µ–≥–æ–¥–Ω—è—à–Ω—è—è —Å—Ç–∞—Ç—å—è, –ø—É—Å—Ç—å –¥–∞–∂–µ –±–æ–ª—å—à–∏–Ω—Å—Ç–≤–æ –∏–∑ –Ω–∏—Ö –Ω–∞–∑–≤–∞—Ç—å —Å—Ç—Ä–∞–Ω–Ω—ã–º–∏ –º–æ–∂–Ω–æ —Ä–∞–∑–≤–µ —á—Ç–æ —Å –Ω–∞—Ç—è–∂–∫–æ–π. –ò—Ç–∞–∫, –¥–æ–±—Ä–æ –ø–æ–∂–∞–ª–æ–≤–∞—Ç—å –≤ —Å—Ç—Ä–∞–Ω—É ¬´–ò–∫–∞—Ä—É—Å–æ–≤¬ª –∏ –∫—É–±–∏–∫–æ–≤ –†—É–±–∏–∫–∞, –≥—É–ª—è—à–∞ –∏ –ø–∞–ø—Ä–∏–∫–∞—à–∞, –§–µ—Ä–µ–Ω—Ü–∞ –õ–∏—Å—Ç–∞ –∏ –§–µ—Ä–µ–Ω—Ü–∞ –ü—É—à–∫–∞—à–∞, –±–æ–≥–∞—Ç–æ–π –∏—Å—Ç–æ—Ä–∏–∏ –∏ —É–Ω–∏–∫–∞–ª—å–Ω–æ–π –∫—É–ª—å—Ç—É—Ä—ã ‚Äì –í–µ–Ω–≥—Ä–∏—é.",""
"–¢–∞–π–º–µ–Ω—å - –ø–æ—á–µ–º—É —Ö–∏—â–Ω–∏–∫–∞ –Ω–∞–∑—ã–≤–∞—é—Ç —Ä–µ—á–Ω–æ–π —Ç–∏–≥—Ä?","3 –º–∞—è","–∑–∞–ø–æ–≤–µ–¥–Ω–∏–∫–∞, –æ—Ö–æ—Ç–∏–≤—à–∏–µ—Å—è —Ö–æ—Ç—è –±—ã —Ä–∞–∑ –≤ –∂–∏–∑–Ω–∏ –Ω–∞ —ç—Ç–æ–≥–æ —Ä–µ—á–Ω–æ–≥–æ ¬´–∑–≤–µ—Ä—è¬ª, –Ω–µ —Å–º–æ–≥—É—Ç –∑–∞–±—ã—Ç—å —Ç–æ, –∫–∞–∫–∏–º —É–≤–ª–µ–∫–∞—Ç–µ–ª—å–Ω—ã–º –±—ã–ª–æ —ç—Ç–æ –ø—É—Ç–µ—à–µ—Å—Ç–≤–∏–µ. –í–¥–∞–ª–µ–∫–µ –æ—Ç –±–æ–ª—å—à–æ–π –∑–µ–º–ª–∏ —Ü–µ–ª–∞—è –Ω–µ–¥–µ–ª—è –æ—Ç–¥—ã—Ö–∞ –ø—Ä–æ–ª–µ—Ç–∞–µ—Ç –∫–∞–∫ –ø–∞—Ä–∞ –¥–Ω–µ–π. –ï—â–µ –±—ã, –≤–µ–¥—å —Ç–∞–º –Ω–µ —Ç–æ–ª—å–∫–æ —Ä—ã–±–Ω–∞—è –ª–æ–≤–ª—è —Å —Ç—Ä–æ—Ñ–µ–π–Ω—ã–º–∏ —É–ª–æ–≤–∞–º–∏ –±–ª–∞–≥–æ—Ä–æ–¥–Ω—ã—Ö –ª–æ—Å–æ—Å–µ–π. –¢–∞–º —Ç–∏—à—å, –≥–ª–∞–¥—å, –ë–æ–∂—å—è –±–ª–∞–≥–æ–¥–∞—Ç—å, –≥–¥–µ –º–µ—Å—Ç–∞–º–∏ –Ω–∏–∫–æ–≥–¥–∞ –Ω–µ —Å—Ç—É–ø–∞–ª–∞ –Ω–æ–≥–∞ —á–µ–ª–æ–≤–µ–∫–∞.","https://dzen.ru/away?to=https%3A%2F%2F%D0%BC%D1%83%D0%B6%D1%81%D0%BA%D0%BE%D0%B9%D0%BE%D1%82%D0%B4%D1%8B%D1%85.%D1%80%D1%84%2F%23tur"
"üêÄü§°¬´–ö—Ä—ã—Å—ã –∏ –∫–ª–æ—É–Ω—ã¬ª: –∫–∞–∫ –æ–º—Å–∫–∞—è —ç–ª–∏—Ç–∞ –ø–æ–¥–¥–µ—Ä–∂–∞–ª–∞ –∂–∏—Ç–µ–ª–µ–π –∑–∞—Ç–æ–ø–ª–µ–Ω–Ω—ã—Ö —Ä–∞–π–æ–Ω–æ–≤","–°–µ–≥–æ–¥–Ω—è","–ê –≤–æ—Ç –Ω–æ–≤—ã—Ö –¥–∞–Ω–Ω—ã—Ö –ø–æ –∫–æ–ª–∏—á–µ—Å—Ç–≤–æ –∑–∞—Ç–æ–ø–ª–µ–Ω–Ω—ã—Ö –¥–æ–º–æ–≤, –ø–æ–∫–∞ –Ω–µ –ø–æ—Å—Ç—É–ø–∞–ª–æ.",""
"–ù–æ–≤—ã–π –≤–∑–≥–ª—è–¥ –Ω–∞ —Å—Ç–∞—Ä—É—é SEGA","19 —è–Ω–≤–∞—Ä—è","",""
"–ö–∞–∫ –Ω–µ–π—Ä–æ—Å–µ—Ç–∏ –≤–¥–æ—Ö–Ω–æ–≤–ª—è—é—Ç –∞–≤—Ç–æ—Ä–æ–≤ –î–∑–µ–Ω–∞? –û–±—ä—è–≤–ª—è–µ–º –∏—Ç–æ–≥–∏ –∫–æ–Ω–∫—É—Ä—Å–∞","–°–µ–≥–æ–¥–Ω—è","–ê–≤—Ç–æ—Ä—ã –ø–æ–ª—É—á–∞—Ç –Ω–∞–±–æ—Ä—ã –Ω–µ–π—Ä–æ–º–µ—Ä—á–∞: —ç–∫—Å–∫–ª—é–∑–∏–≤–Ω—ã–µ —Ñ—É—Ç–±–æ–ª–∫–∏, –ø–∞–Ω–∞–º—ã –∏ —Å—É–º–∫–∏-—à–æ–ø–µ—Ä—ã.",""
"–ü–æ–æ–±–µ–¥–∞–ª–∞ –≤ –¥–æ–º–µ —É –º–µ—Å—Ç–Ω—ã—Ö –Ω–∞ –ö—É–±–µ, –∏ —ç—Ç–æ –æ–∫–∞–∑–∞–ª—Å—è —Å–∞–º—ã–π –¥–æ—Ä–æ–≥–æ–π –æ–±–µ–¥","5 –¥–µ–∫–∞–±—Ä—è 2023","–î–æ–º —Å–æ–≤—Å–µ–º –Ω–µ –≤—ã–¥–µ–ª—è–µ—Ç—Å—è —Å—Ä–µ–¥–∏ –¥—Ä—É–≥–∏—Ö –≤ –Ω–µ–±–æ–ª—å—à–æ–º –ø–æ—Å—ë–ª–∫–µ, –ø–æ—Ö–æ–∂–µ–º –Ω–∞ –Ω–∞—à–∏ –¥–µ—Ä–µ–≤—É—à–∫–∏. –û–¥–Ω–æ–æ–±—Ä–∞–∑–Ω—ã–µ –º–∞–ª–µ–Ω—å–∫–∏–µ –¥–æ–º–∏–∫–∏ —Å –¥–µ—Ä–µ–≤—è–Ω–Ω—ã–º–∏ —Å—Ç–∞–≤–Ω—è–º–∏ –≤–º–µ—Å—Ç–æ —Å—Ç—ë–∫–æ–ª, –≤–µ—Ä—ë–≤–∫–∏ —Å –±–µ–ª—å–µ–º –∏ –∏–∑–≥–æ—Ä–æ–¥–∏ –∏–∑ –∫–∞–∫—Ç—É—Å–æ–≤ ‚Äî —Ç–∏–ø–∏—á–Ω–∞—è –∫–∞—Ä—Ç–∏–Ω–∞ –¥–ª—è –ö—É–±—ã.",""
"–í–µ—Ä—à–∏–Ω–∞ –í–µ–ª–∏–∫–æ–π –ø–∏—Ä–∞–º–∏–¥—ã –•–µ–æ–ø—Å–∞, —Å–Ω–∏–º–∫–∏ –¥–µ—Ç–∞–ª—å–Ω–æ–≥–æ –≤–∏–¥–∞ —Å–≤–µ—Ä—Ö—É","3 –º–∞—è","–ü—Ä–µ–¥—Å—Ç–∞–≤–ª–µ–Ω–Ω—ã–π –≤–∏–¥ –Ω–∞ –ø–∏—Ä–∞–º–∏–¥—É –•–µ–æ–ø—Å–∞ —Å –Ω–µ–ø—Ä–∏–≤—ã—á–Ω–æ–≥–æ —Ä–∞–∫—É—Ä—Å–∞ –±—ã–ª —Å–¥–µ–ª–∞–Ω —Ñ–æ—Ç–æ–≥—Ä–∞—Ñ–æ–º –ê–ª–µ–∫—Å–∞–Ω–¥—Ä–æ–º –õ–∞–¥–∞–Ω–∏–≤—Å–∫–∏–º –ø—Ä–∏ –ø–æ–º–æ—â–∏ –∫–≤–∞–¥—Ä–æ–∫–æ–ø—Ç–µ—Ä–∞. –ù–∞ —Å–Ω–∏–º–∫–∞—Ö —Å –±–ª–∏–∑–∫–æ–≥–æ —Ä–∞—Å—Å—Ç–æ—è–Ω–∏—è, –ø–æ—á—Ç–∏ —á—Ç–æ –≤ –ø–ª–æ—Ç–Ω—É—é, –º–æ–∂–Ω–æ –¥–æ –º–µ–ª—å—á–∞–π—à–∏—Ö –¥–µ—Ç–∞–ª–µ–π —Ä–∞—Å—Å–º–æ—Ç—Ä–µ—Ç—å –µ—ë –≤–µ—Ä—à–∏–Ω—É.",""